{"features": ["humidity", "temperature", "pressure", "wind_speed", "cloud_cover", "dew_point", "temp_humidity"], "importances": {"humidity": 0.30458794499066166, "temp_humidity": 0.1692817443403229, "cloud_cover": 0.15106692439879674, "pressure": 0.11695961403131623, "dew_point": 0.10888802591080812, "wind_speed": 0.0781391672792155, "temperature": 0.07107657904887875}, "accuracy": 82.8}